[{  "id": 1,
    "empresa": "Development King",
    "rubro": "Programador Front-End",
    "salario": 3500,
    "nivelLaboral": "Senior",
    "jornadaSemanal": 48,
    "jornadaDiaria": 8,
    "pais": "Estados Unidos",
    "region": "Nueva York"
},

{   "id": 2,
    "empresa": "Coca-Cola",
    "rubro": "Marketing digital",
    "salario": 1500,
    "nivelLaboral": "Junior",
    "jornadaSemanal": 44,
    "jornadaDiaria": 8,
    "pais": "Estados Unidos",
    "region": "Chicago"
},

{   "id": 3,
    "empresa": "IBM",
    "rubro": "Product Manager",
    "salario": 3500,
    "nivelLaboral": "Senior",
    "jornadaSemanal": 50,
    "jornadaDiaria": 10,
    "pais": "España",
    "region": "Barcelona"
},

{   "id": 4,
    "empresa": "Ford",
    "rubro": "Programador Python",
    "salario": 1400,
    "nivelLaboral": "Junior",
    "jornadaSemanal": 44,
    "jornadaDiaria": 8,
    "pais": "Australia",
    "region": "Sidney"
},

{   "id": 5,
    "empresa": "Air France",
    "rubro": "Marketing digital",
    "salario": 2300,
    "nivelLaboral": "Semi-senior",
    "jornadaSemanal": 50,
    "jornadaDiaria": 10,
    "pais": "Francia",
    "region": "París"
},

{   "id": 6,
    "empresa": "Bill",
    "rubro": "Programador Java",
    "salario": 2500,
    "nivelLaboral": "Semi-senior",
    "jornadaSemanal": 44,
    "jornadaDiaria": 8,
    "pais": "Brasil",
    "region": "Río de Janeiro"
},

{   "id": 7,
    "empresa": "Microsoft",
    "rubro": "Diseño UX/UI",
    "salario": 1500,
    "nivelLaboral": "Junior",
    "jornadaSemanal": 48,
    "jornadaDiaria": 8,
    "pais": "Chile",
    "region": "Santiago de Chile"
},

{   "id": 8,
    "empresa": "Coca-Cola",
    "rubro": "Programador Back-End",
    "salario": 3500,
    "nivelLaboral": "Semi-senior",
    "jornadaSemanal": 50,
    "jornadaDiaria": 10,
    "pais": "Reino Unido",
    "region": "Manchester"
},

{   "id": 9,
    "empresa": "Bogdan Group",
    "rubro": "Programador Java",
    "salario": 3000,
    "nivelLaboral": "Semi-senior",
    "jornadaSemanal": 48,
    "jornadaDiaria": 8,
    "pais": "Ucrania",
    "region": "Kiev"
},

{   "id": 10,
    "empresa": "Dubai World",
    "rubro": "Data-Analist",
    "salario": 2500,
    "nivelLaboral": "Semi-senior",
    "jornadaSemanal": 44,
    "jornadaDiaria": 8,
    "pais": "Emiratos Árabes",
    "region": "Abu Dhabi"
},

{   "id": 11,
    "empresa": "Stampi",
    "rubro": "Recursos Humanos",
    "salario": 1500,
    "nivelLaboral": "Semi-senior",
    "jornadaSemanal": 48,
    "jornadaDiaria": 10,
    "pais": "Italia",
    "region": "Milán"
},

{   "id": 12,
    "empresa": "Full Developers",
    "rubro": "Programador React",
    "salario": 3200,
    "nivelLaboral": "Semi-senior",
    "jornadaSemanal": 50,
    "jornadaDiaria": 10,
    "pais": "Estados Unidos",
    "region": "Boston"
},

{   "id": 13,
    "empresa": "Japan Airlines",
    "rubro": "Diseñador UX/UI",
    "salario": 2000,
    "nivelLaboral": "Semi-senior",
    "jornadaSemanal": 44,
    "jornadaDiaria": 8,
    "pais": "Japón",
    "region": "Tokio"
},

{   "id": 14,
    "empresa": "Grand King",
    "rubro": "Programador Front-End",
    "salario": 4600,
    "nivelLaboral": "Senior",
    "jornadaSemanal": 48,
    "jornadaDiaria": 8,
    "pais": "Marruecos",
    "region": "Marrakech"
},

{   "id": 15,
    "empresa": "El As del Comercio",
    "rubro": "Marketing Digital",
    "salario": 900,
    "nivelLaboral": "Junior",
    "jornadaSemanal": 48,
    "jornadaDiaria": 8,
    "pais": "Argentina",
    "region": "Rosario"
},

{   "id": 16,
    "empresa": "IBM",
    "rubro": "E-Commerce",
    "salario": 1400,
    "nivelLaboral": "Semi-senior",
    "jornadaSemanal": 44,
    "jornadaDiaria": 8,
    "pais": "Países Bajos",
    "region": "Ámsterdam"
},

{   "id": 17,
    "empresa": "Agile",
    "rubro": "Programador back-end",
    "salario": 5200,
    "nivelLaboral": "Senior",
    "jornadaSemanal": 50,
    "jornadaDiaria": 10,
    "pais": "Hungría",
    "region": "Budapest"
},

{   "id": 18,
    "empresa": "Pollos Hermanos",
    "rubro": "Data Scientist",
    "salario": 1200,
    "nivelLaboral": "Junior",
    "jornadaSemanal": 48,
    "jornadaDiaria": 10,
    "pais": "México",
    "region": "México DF"
},

{   "id": 19,
    "empresa": "El Maratón",
    "rubro": "Programador Python",
    "salario": 2800,
    "nivelLaboral": "Semi-senior",
    "jornadaSemanal": 44,
    "jornadaDiaria": 8,
    "pais": "España",
    "region": "Madrid"
},

{   "id": 20,
    "empresa": "Fiat",
    "rubro": "Diseño UX/UI",
    "salario": 3200,
    "nivelLaboral": "Senior",
    "jornadaSemanal": 44,
    "jornadaDiaria": 8,
    "pais": "Estados Unidos",
    "region": "Chicago"
},

{   "id": 21,
    "empresa": "Citröen",
    "rubro": "Programador Angular",
    "salario": 700,
    "nivelLaboral": "Junior",
    "jornadaSemanal": 40,
    "jornadaDiaria": 8,
    "pais": "Alemania",
    "region": "Hamburgo"
},

{   "id": 22,
    "empresa": "The London Post",
    "rubro": "Marketing digital",
    "salario": 4000,
    "nivelLaboral": "Senior",
    "jornadaSemanal": 45,
    "jornadaDiaria": 9,
    "pais": "Reino Unido",
    "region": "Londres"
},

{   "id": 23,
    "empresa": "Atilio",
    "rubro": "Programador Front-end",
    "salario": 800,
    "nivelLaboral": "Junior",
    "jornadaSemanal": 44,
    "jornadaDiaria": 8,
    "pais": "Italia",
    "region": "Roma"
},

{   "id": 24,
    "empresa": "García Hermanos",
    "rubro": "Diseño UX/UI",
    "salario": 1500,
    "nivelLaboral": "Semi-senior",
    "jornadaSemanal": 40,
    "jornadaDiaria": 8,
    "pais": "Argentina",
    "region": "Córdoba"
},

{   "id": 25,
    "empresa": "Berkley",
    "rubro": "Programador React Native",
    "salario": 1000,
    "nivelLaboral": "Junior",
    "jornadaSemanal": 44,
    "jornadaDiaria": 8,
    "pais": "Uruguay",
    "region": "Montevideo"
},

{   "id": 26,
    "empresa": "Caixabank",
    "rubro": "Product Manager",
    "salario": 3000,
    "nivelLaboral": "Senior",
    "jornadaSemanal": 50,
    "jornadaDiaria": 10,
    "pais": "España",
    "region": "Barcelona"
},

{   "id": 27,
    "empresa": "Federal Government",
    "rubro": "Programador JavaScript, React y Node",
    "salario": 4500,
    "nivelLaboral": "Semi-senior",
    "jornadaSemanal": 45,
    "jornadaDiaria": 9,
    "pais": "Estados Unidos",
    "region": "Washington"
},

{   "id": 28,
    "empresa": "Amazon",
    "rubro": "Marketing digital",
    "salario": 2000,
    "nivelLaboral": "Semi-senior",
    "jornadaSemanal": 40,
    "jornadaDiaria": 8,
    "pais": "Reino Unido",
    "region": "Glasgow"
},

{   "id": 29,
    "empresa": "Spotify",
    "rubro": "Programador Java",
    "salario": 1000,
    "nivelLaboral": "Junior",
    "jornadaSemanal": 44,
    "jornadaDiaria": 8,
    "pais": "Italia",
    "region": "Roma"
},

{   "id": 30,
    "empresa": "Diseño pronto",
    "rubro": "Diseñador UX/UI",
    "salario": 1800,
    "nivelLaboral": "Semi-senior",
    "jornadaSemanal": 48,
    "jornadaDiaria": 10,
    "pais": "Brasil",
    "region": "San Pablo"
},

{   "id": 31,
    "empresa": "Allianz",
    "rubro": "Marketing digital",
    "salario": 3800,
    "nivelLaboral": "Senior",
    "jornadaSemanal": 48,
    "jornadaDiaria": 10,
    "pais": "Alemania",
    "region": "Münich"
},

{   "id": 32,
    "empresa": "Apple",
    "rubro": "Diseño UX/UI",
    "salario": 600,
    "nivelLaboral": "Junior",
    "jornadaSemanal": 50,
    "jornadaDiaria": 10,
    "pais": "Colombia",
    "region": "Bogotá"
},

{   "id": 33,
    "empresa": "Fed-Ex",
    "rubro": "Programador back-end",
    "salario": 3400,
    "nivelLaboral": "Semi-senior",
    "jornadaSemanal": 48,
    "jornadaDiaria": 10,
    "pais": "Estados Unidos",
    "region": "Memphis"
},

{   "id": 34,
    "empresa": "Servinox",
    "rubro": "Product Manager",
    "salario": 5000,
    "nivelLaboral": "Senior",
    "jornadaSemanal": 50,
    "jornadaDiaria": 10,
    "pais": "México",
    "region": "Guadalajara"
},

{   "id": 35,
    "empresa": "Aerolíneas Argentinas",
    "rubro": "Programador Java",
    "salario": 3000,
    "nivelLaboral": "Semi-senior",
    "jornadaSemanal": 44,
    "jornadaDiaria": 8,
    "pais": "Argentina",
    "region": "Buenos Aires"
},

{   "id": 36,
    "empresa": "Fed-Ex",
    "rubro": "Diseñador UX/UI",
    "salario": 3500,
    "nivelLaboral": "Senior",
    "jornadaSemanal": 48,
    "jornadaDiaria": 8,
    "pais": "Canadá",
    "region": "Vancouver"
},

{   "id": 37,
    "empresa": "Facebook",
    "rubro": "Programador React y Node JS",
    "salario": 3000,
    "nivelLaboral": "Semi-senior",
    "jornadaSemanal": 48,
    "jornadaDiaria": 8,
    "pais": "Estados Unidos",
    "region": "Miami"
},

{   "id": 38,
    "empresa": "Amazon",
    "rubro": "E-Commerce",
    "salario": 1800,
    "nivelLaboral": "Semi-senior",
    "jornadaSemanal": 48,
    "jornadaDiaria": 8,
    "pais": "Alemania",
    "region": "Berlín"
},

{   "id": 39,
    "empresa": "Valenciana",
    "rubro": "Marketing digital",
    "salario": 4400,
    "nivelLaboral": "Senior",
    "jornadaSemanal": 48,
    "jornadaDiaria": 10,
    "pais": "España",
    "region": "Valencia"
},

{   "id": 40,
    "empresa": "Mexicana",
    "rubro": "Programador front-end",
    "salario": 2000,
    "nivelLaboral": "Semi-senior",
    "jornadaSemanal": 45,
    "jornadaDiaria": 9,
    "pais": "México",
    "region": "México DF"
},

{   "id": 41,
    "empresa": "Mercado Libre",
    "rubro": "Data Analist",
    "salario": 2400,
    "nivelLaboral": "Semi-senior",
    "jornadaSemanal": 45,
    "jornadaDiaria": 9,
    "pais": "Argentina",
    "region": "Buenos Aires"
},

{   "id": 42,
    "empresa": "Lays",
    "rubro": "Marketing digital",
    "salario": 3500,
    "nivelLaboral": "Senior",
    "jornadaSemanal": 50,
    "jornadaDiaria": 10,
    "pais": "España",
    "region": "Granada"
},

{   "id": 43,
    "empresa": "IBM",
    "rubro": "Programador Python",
    "salario": 800,
    "nivelLaboral": "Junior",
    "jornadaSemanal": 45,
    "jornadaDiaria": 9,
    "pais": "Brasil",
    "region": "Brasilia"
},

{   "id": 44,
    "empresa": "Samsung",
    "rubro": "Product Manager",
    "salario": 5200,
    "nivelLaboral": "Senior",
    "jornadaSemanal": 50,
    "jornadaDiaria": 10,
    "pais": "Canadá",
    "region": "Toronto"
},

{   "id": 45,
    "empresa": "Consultora Domínguez",
    "rubro": "Diseñador UX/UI",
    "salario": 3000,
    "nivelLaboral": "Senior",
    "jornadaSemanal": 45,
    "jornadaDiaria": 9,
    "pais": "España",
    "region": "Madrid"
},

{   "id": 46,
    "empresa": "Dell",
    "rubro": "Programador back-end",
    "salario": 4000,
    "nivelLaboral": "Senior",
    "jornadaSemanal": 48,
    "jornadaDiaria": 8,
    "pais": "Estados Unidos",
    "region": "Chicago"
},

{   "id": 47,
    "empresa": "Samsung",
    "rubro": "Recursos humanos",
    "salario": 3000,
    "nivelLaboral": "Senior",
    "jornadaSemanal": 45,
    "jornadaDiaria": 9,
    "pais": "Estados Unidos",
    "region": "Washington"
},

{   "id": 48,
    "empresa": "Mercado Libre",
    "rubro": "Programador back-end",
    "salario": 3000,
    "nivelLaboral": "Senior",
    "jornadaSemanal": 48,
    "jornadaDiaria": 10,
    "pais": "Argentina",
    "region": "Buenos Aires"
},

{   "id": 49,
    "empresa": "Air France",
    "rubro": "E-Commerce",
    "salario": 2500,
    "nivelLaboral": "Semi-senior",
    "jornadaSemanal": 48,
    "jornadaDiaria": 10,
    "pais": "Francia",
    "region": "París"
},

{   "id": 50,
    "empresa": "Amazon",
    "rubro": "E-commerce",
    "salario": 5000,
    "nivelLaboral": "Senior",
    "jornadaSemanal": 50,
    "jornadaDiaria": 10,
    "pais": "Estados Unidos",
    "region": "Nueva York"
}]